{"cameraMode":{"drawMode":0,"name":"Shaded","section":"Shading Mode"},"sceneLighting":false,"audioPlay":false,"sceneViewState":{"showFog":false,"showMaterialUpdate":true,"showSkybox":true,"showFlares":false,"showImageEffects":true,"showParticleSystems":true},"in2DMode":false,"pivot":{"x":6.093731880187988,"y":2.6010265350341799,"z":-0.6835012435913086},"rotation":{"x":-0.31296396255493166,"y":0.001991522964090109,"z":-0.0006564901559613645,"w":-0.9497627019882202},"size":23.974794387817384,"orthographic":false}